SKU,Brand,Product Name
"001478","Grand Sport",""
"001495","Grand Sport",""
"001556","Grand Sport",""
"002187","Grand Sport",""
"002199","Grand Sport",""
"002229","Grand Sport",""
"002230","Grand Sport",""
"002233","Grand Sport",""
"002239","Grand Sport",""
"002240","Grand Sport",""
"002241","Grand Sport",""
"002242","Grand Sport",""
"002249","Grand Sport",""
"002250","Grand Sport",""
"002771","Grand Sport",""
"002772","Grand Sport",""
"002773","Grand Sport",""
"004305","Grand Sport",""
"004306","Grand Sport",""
"004308","Grand Sport",""
"004309","Grand Sport",""
"004310","Grand Sport",""
"004311","Grand Sport",""
"004318","Grand Sport",""
"004319","Grand Sport",""
"004574","Grand Sport",""
"006219","Grand Sport",""
"006220","Grand Sport",""
"006232","Grand Sport",""
"006233","Grand Sport",""
"006235","Grand Sport",""
"006236","Grand Sport",""
"006238","Grand Sport",""
"006239","Grand Sport",""
"006240","Grand Sport",""
"006241","Grand Sport",""
"006380","Grand Sport",""
"006383","Grand Sport",""
"006384","Grand Sport",""
"006386","Grand Sport",""
"006387","Grand Sport",""
"006388","Grand Sport",""
"006389","Grand Sport",""
"006390","Grand Sport",""
"006391","Grand Sport",""
"006392","Grand Sport",""
"006393","Grand Sport",""
"006394","Grand Sport",""
"006396","Grand Sport",""
"007142","Grand Sport",""
"009989","Grand Sport",""
"009990","Grand Sport",""
"010223","Grand Sport",""
"010227","Grand Sport",""
"010228","Grand Sport",""
"010229","Grand Sport",""
"010232","Grand Sport",""
"010233","Grand Sport",""
"010234","Grand Sport",""
"010237","Grand Sport",""
"010244","Grand Sport",""
"010245","Grand Sport",""
"010247","Grand Sport",""
"011485","Grand Sport",""
"011492","Grand Sport",""
"011493","Grand Sport",""
"011494","Grand Sport",""
"011495","Grand Sport",""
"011496","Grand Sport",""
"011498","Grand Sport",""
"011570","Grand Sport",""
"011573","Grand Sport",""
"011574","Grand Sport",""
"011575","Grand Sport",""
"011576","Grand Sport",""
"011577","Grand Sport",""
"011578","Grand Sport",""
"011582","Grand Sport",""
"011588","Grand Sport",""
"011594","Grand Sport",""
"011595","Grand Sport",""
"012106","Grand Sport",""
"012248","Grand Sport",""
"012253","Grand Sport",""
"012260","Grand Sport",""
"012261","Grand Sport",""
"012265","Grand Sport",""
"012270","Grand Sport",""
"012271","Grand Sport",""
"012280","Grand Sport",""
"012281","Grand Sport",""
"012282","Grand Sport",""
"012283","Grand Sport",""
"012284","Grand Sport",""
"012285","Grand Sport",""
"012286","Grand Sport",""
"012287","Grand Sport",""
"012288","Grand Sport",""
"012289","Grand Sport",""
"012294","Grand Sport",""
"012295","Grand Sport",""
"012297","Grand Sport",""
"012298","Grand Sport",""
"012299","Grand Sport",""
"012582","Grand Sport",""
"012583","Grand Sport",""
"012584","Grand Sport",""
"012585","Grand Sport",""
"012588","Grand Sport",""
"012591","Grand Sport",""
"012594","Grand Sport",""
"012595","Grand Sport",""
"012598","Grand Sport",""
"012783","Grand Sport",""
"012784","Grand Sport",""
"012785","Grand Sport",""
"012788","Grand Sport",""
"012791","Grand Sport",""
"012794","Grand Sport",""
"012795","Grand Sport",""
"012798","Grand Sport",""
"014377","Grand Sport",""
"014580","Grand Sport",""
"014581","Grand Sport",""
"016376","Grand Sport",""
"016380","Grand Sport",""
"016383","Grand Sport",""
"016384","Grand Sport",""
"016385","Grand Sport",""
"016386","Grand Sport",""
"016387","Grand Sport",""
"016388","Grand Sport",""
"016389","Grand Sport",""
"016390","Grand Sport",""
"016391","Grand Sport",""
"016392","Grand Sport",""
"016393","Grand Sport",""
"016394","Grand Sport",""
"016396","Grand Sport",""
"020227","Grand Sport",""
"020228","Grand Sport",""
"020232","Grand Sport",""
"020233","Grand Sport",""
"020237","Grand Sport",""
"020239","Grand Sport",""
"020244","Grand Sport",""
"020245","Grand Sport",""
"020666","Grand Sport",""
"020677","Grand Sport",""
"020681","Grand Sport",""
"020685","Grand Sport",""
"020686","Grand Sport",""
"020688","Grand Sport",""
"020690","Grand Sport",""
"020691","Grand Sport",""
"020692","Grand Sport",""
"020695","Grand Sport",""
"025142","Grand Sport",""
"025148","Grand Sport",""
"030002","Grand Sport",""
"038432","Grand Sport",""
"038458","Grand Sport",""
"038459","Grand Sport",""
"072059","Grand Sport",""
"072060","Grand Sport",""
"072061","Grand Sport",""
"072082","Grand Sport",""
"072083","Grand Sport",""
"072091","Grand Sport",""
"1024045","Grand Sport",""
"1025046","Pegan",""
"1026047","Pegan",""
"1425016","Pegan",""
"1623063","Pegan",""
"1623065","Pegan",""
"1623066","Pegan",""
"1624072","Pegan",""
"1624073","Pegan",""
"1624074","Pegan",""
"1624077","Pegan",""
"1624078","Pegan",""
"1624083","Pegan",""
"1624084","Pegan",""
"1625086","Pegan",""
"1626089","Pegan",""
"1626090","Pegan",""
"1626091","Pegan",""
"2425016","Pegan",""
"2525011","Pegan",""
"2526012","Pegan",""
"2624033","Pegan",""
"2624034","Pegan",""
"2624035","Pegan",""
"2624036","Pegan",""
"3528","BCS",""
"A101","Fly Hawk",""
"A222","Fly Hawk",""
"A310","Fly Hawk",""
"A322","Fly Hawk",""
"A333","Fly Hawk",""
"A348","Fly Hawk",""
"A349","Fly Hawk",""
"A352","Fly Hawk",""
"A353","Fly Hawk",""
"A354","Fly Hawk",""
"A355","Fly Hawk",""
"A369","Fly Hawk",""
"A370","Fly Hawk",""
"A377","Fly Hawk",""
"A378","Fly Hawk",""
"A381","Fly Hawk",""
"A382","Fly Hawk",""
"A385","Fly Hawk",""
"A386","Fly Hawk",""
"A387","Fly Hawk",""
"A388","Fly Hawk",""
"A389","Fly Hawk",""
"A390","Fly Hawk",""
"A391","Fly Hawk",""
"A392","Fly Hawk",""
"A393","Fly Hawk",""
"A394","Fly Hawk",""
"A395","Fly Hawk",""
"A396","Fly Hawk",""
"A397","Fly Hawk",""
"A398","Fly Hawk",""
"A911","Fly Hawk",""
"A912","Fly Hawk",""
"A913","Fly Hawk",""
"A914","Fly Hawk",""
"A921","Fly Hawk",""
"A922","Fly Hawk",""
"A923","Fly Hawk",""
"A924","Fly Hawk",""
"A926","Fly Hawk",""
"A927","Fly Hawk",""
"A928","Fly Hawk",""
"A929","Fly Hawk",""
"A930","Fly Hawk",""
"A931","Fly Hawk",""
"A933","Fly Hawk",""
"A939","Fly Hawk",""
"A970","Fly Hawk",""
"A972","Fly Hawk",""
"A973","Fly Hawk",""
"A974","Fly Hawk",""
"ANKLE-SUPPORT","H3",""
"B009","Fly Hawk",""
"B101","Fly Hawk",""
"B205","Fly Hawk",""
"B511","Fly Hawk",""
"B516","Fly Hawk",""
"B517","Fly Hawk",""
"B518","Fly Hawk",""
"B519","Fly Hawk",""
"B520","Fly Hawk",""
"B521","Fly Hawk",""
"B911","Fly Hawk",""
"B939","Fly Hawk",""
"BC101","Fly Hawk",""
"BC516","Fly Hawk",""
"BC517","Fly Hawk",""
"BC911","Fly Hawk",""
"BC921","Fly Hawk",""
"BC926","Fly Hawk",""
"BC930","Fly Hawk",""
"BC970","Fly Hawk",""
"C101","Fly Hawk",""
"C222","Fly Hawk",""
"C343","Fly Hawk",""
"C911","Fly Hawk",""
"C912","Fly Hawk",""
"C921","Fly Hawk",""
"C926","Fly Hawk",""
"C927","Fly Hawk",""
"C930","Fly Hawk",""
"C970","Fly Hawk",""
"C974","Fly Hawk",""
"CALF SLEEVE","H3",""
"CDL11","Cadenza",""
"CDL11Y","Cadenza",""
"CDL14","Cadenza",""
"CDL14Y","Cadenza",""
"CDL15","Cadenza",""
"CDL16","Cadenza",""
"CDL17","Cadenza",""
"CDL18","Cadenza",""
"CDL18Y","Cadenza",""
"CDL19","Cadenza",""
"CDL19Y","Cadenza",""
"CDL20","Cadenza",""
"CDL21","Cadenza",""
"CDL22","Cadenza",""
"CS30","Cadenza",""
"EG1013","Ego",""
"EG1015","Ego",""
"EG1018","Ego",""
"EG1019","Ego",""
"EG1020","Ego",""
"EG1022","Ego",""
"EG3101","Ego",""
"EG5170","Ego",""
"EG5175","Ego",""
"EG5180","Ego",""
"EG5184","Ego",""
"EG6135","Ego",""
"EG6181","Ego",""
"EG6182","Ego",""
"EG6185","Ego",""
"EG6187","Ego",""
"EG6188","Ego",""
"EG6197","Ego",""
"EG6198","Ego",""
"EG6202","Ego",""
"EG7104","Ego",""
"EG8103","Ego",""
"EG9011A","Ego",""
"EG9013","Ego",""
"EG9013A","Ego",""
"IMA1002","Imane",""
"IMA3004","Imane",""
"J001","Fly Hawk",""
"J9000","BCS",""
"J9002","BCS",""
"J9006","BCS",""
"J9010","BCS",""
"J9014","BCS",""
"J9020","BCS",""
"J9030","BCS",""
"KNEE PAD","H3",""
"P001M","BCS",""
"P001W","BCS",""
"P002M","BCS",""
"P002W","BCS",""
"P003M","BCS",""
"P003W","BCS",""
"P004M","BCS",""
"P004W","BCS",""
"P005","BCS",""
"P006M","BCS",""
"P006W","BCS",""
"P007","BCS",""
"P008","BCS",""
"PM216","Ego",""
"PM217","Ego",""
"PM219","Ego",""
"PM220","Ego",""
"SA001","Fly Hawk",""
"SA003","Fly Hawk",""
"SA004","Fly Hawk",""
"SA005","Fly Hawk",""
"SA301","Fly Hawk",""
"SA302","Fly Hawk",""
"SA303","Fly Hawk",""
"SA304","Fly Hawk",""
"SA305","Fly Hawk",""
"SA306","Fly Hawk",""
"SA307","Fly Hawk",""
"SB001","Fly Hawk",""
"SBC001","Fly Hawk",""
"SC003","Fly Hawk",""
"SC004","Fly Hawk",""
"SF6006","BCS",""
"SF618","BCS",""
"SF634","BCS",""
"SF652","BCS",""
"SF654","BCS",""
"SF660","BCS",""
"SF664","BCS",""
"SF668","BCS",""
"SF672","BCS",""
"SF686","BCS",""
"SF696","BCS",""
"SH-FA","H3",""
"SH-HI-01","H3",""
"SH-HTCL-01","H3",""
"SH-HTPL-01","H3",""
"SH-JACK-01","H3",""
"SH-PRO-01","H3",""
"SH-TR3","H3",""
"SH-VES-JR2","H3",""
"SH-VEST-JR2","H3",""
"T3920","BCS",""
"T400","BCS",""
"T4006","BCS",""
"T410","BCS",""
"T412","BCS",""
"T416","BCS",""
"T418","BCS",""
"T424","BCS",""
"T426","BCS",""
"T5304","BCS",""
"T5310","BCS",""
"TRAINING","H3",""
"TT001","Ego",""
"TT002","Ego",""
"TT003","Ego",""
"TT004","Ego",""
"TT005","Ego",""
"TT006","Ego",""
"TT007","Ego",""
"TT008","Ego",""
"W2002","BCS",""
"WA-203PLACL01","Warrix",""
"WA-212PLACL30","Warrix",""
"WA-212WRACL30","Warrix",""
"WA-214PLACL32","Warrix",""
"WA-221PLACL30","Warrix",""
"WA-222PLACL34","Warrix",""
"WA-223JKACL36","Warrix",""
"WA-231FBACL04","Warrix",""
"WA-231PLACL33","Warrix",""
"WA-231WRACL70","Warrix",""
"WA-232PLACL34","Warrix",""
"WA-241FBACL02","Warrix",""
"WA-242PLACL30","Warrix",""
"WA-243FBATH10","Warrix",""
"WA-243JKACL70","Warrix",""
"WA-251FBATH10","Warrix",""
"WA-251PLACL30","Warrix",""
"WA-252FBACL03","Warrix",""
"WA-252FJACL01","Warrix",""
"WA-252FJACL02","Warrix",""
"WA-252FJACL03","Warrix",""
"WA-252FJACL04","Warrix",""
"WA-252PLACL30","Warrix",""
"WA-252PLACL32","Warrix",""
"WA-253FBATH54","Warrix",""
"WA-253PLACL31","Warrix",""
"WA-253PLMCL37","Warrix",""
"WA-254PLACL31","Warrix",""
"WA-261PLACL02","Warrix",""
"WA-262JKACL70","Warrix",""
"WA-3315N","Warrix",""
"WA-3318N","Warrix",""
"WA-3324","Warrix",""
"WA-3329","Warrix",""
"WA-FBA071/WA-251FBACL01","Warrix",""
"WC-1519","Warrix",""
"WP-1509","Warrix",""
"WP-212WRACL30","Warrix",""
"WP-223WRACL30","Warrix",""
"WP-231WRACL70","Warrix",""
"WP-231WRACL72","Warrix",""
"WP-241WRACL02","Warrix",""
"WP-241WRKCL02","Warrix",""
"WP-243JKACL70","Warrix",""
"WP-252FJACL01","Warrix",""
"WP-252FJACL02","Warrix",""
"WP-252FJACL03","Warrix",""
"WP-252RNACL02","Warrix",""
"WP-262JKACL70","Warrix",""
"WP-262JKACL71","Warrix",""
